TIME, ANSWER, ANSWER_CHECK, LEFT_NUMBER, LEFT_SIZE, RIGHT_NUMBER, RIGHT_SIZE, NUMBER_FIRST_BIG, SIZE_FIRST_BIG ,IS_CONGRUENCE, CLICK_BTN, MOUSE_MOVE, NEAR_ACTION_TIME, NEAR_MOUSE_MOVE, AREA, COORDINATE_101
852952869275, LEFT, RIGHT, 6, 90, 1, 70, 2, 2, 1, 851904589156, 852186589156, 853257043367, 852185490680, 236491
857584913474, RIGHT, RIGHT, 6, 70, 1, 90, 2, 2, 0, 855696589156, 856049589156, 857289295668, 856049345178, 229291
862352888193, RIGHT, RIGHT, 6, 70, 8, 90, 2, 2, 1, 861048589156, 861481589156, 862041101518, 861481097667, 407075
866144871554, RIGHT, RIGHT, 7, 70, 2, 90, 2, 2, 0, 864928589156, 865313589156, 866225072622, 865313110687, 328062
869576749426, RIGHT, RIGHT, 7, 70, 9, 90, 1, 1, 1, 868208589156, 868545589156, 869193065816, 868545065232, 441611
874072770733, RIGHT, RIGHT, 6, 70, 8, 90, 0, 0, 1, 872824589156, 873081589156, 874161084252, 873080964739, 187577
879960717091, RIGHT, RIGHT, 3, 70, 1, 90, 1, 0, 0, 878272589156, 878545589156, 879633029787, 878545025287, 139126
884984652222, RIGHT, RIGHT, 9, 70, 4, 90, 0, 1, 0, 883752589156, 884009589156, 885256903559, 884009084448, 223397
889048736571, LEFT, RIGHT, 1, 90, 3, 70, 1, 0, 0, 887648589156, 887817589156, 889160983280, 887816898532, 222080
894984615051, LEFT, RIGHT, 3, 90, 1, 70, 1, 1, 1, 893344589156, 893784589156, 895024279934, 893784225143, 158902
899656613180, LEFT, RIGHT, 9, 90, 4, 70, 1, 1, 1, 898144589156, 898585589156, 899824991844, 898584946484, 257033
904632603152, LEFT, RIGHT, 4, 90, 9, 70, 0, 1, 0, 903120589156, 903472589156, 904809098429, 903472944716, 399481
911504678009, LEFT, RIGHT, 3, 90, 8, 70, 1, 0, 0, 910120589156, 910457589156, 911560469043, 910456892907, 317422
918880503818, LEFT, RIGHT, 4, 90, 9, 70, 2, 2, 0, 917288589156, 917649589156, 919056725304, 917648825282, 253825
923728628286, RIGHT, RIGHT, 9, 70, 4, 90, 0, 1, 0, 922231589156, 922665589156, 923488831474, 922664824663, 166593
927544487416, RIGHT, RIGHT, 3, 70, 8, 90, 0, 0, 1, 926288589156, 926625589156, 927776756805, 926624830510, 206597
930512592678, LEFT, RIGHT, 3, 90, 1, 70, 1, 1, 1, 929328589156, 929625589156, 930584462150, 929624829401, 226995
933496444335, RIGHT, RIGHT, 6, 70, 1, 90, 0, 1, 0, 932304589156, 932713589156, 933600799122, 932712803943, 262030
936584483233, LEFT, RIGHT, 8, 90, 6, 70, 1, 1, 1, 935377589156, 935608589156, 936688783096, 935608703250, 207364
939808546688, RIGHT, RIGHT, 1, 70, 3, 90, 0, 0, 1, 938423589156, 938785589156, 940056706164, 938784763569, 307489
943744551383, LEFT, RIGHT, 9, 90, 7, 70, 2, 2, 1, 942672589156, 942984589156, 943512759393, 942984660544, 144902
947320417581, RIGHT, RIGHT, 4, 70, 2, 90, 1, 0, 0, 946128589156, 946488589156, 947400654987, 946488833970, 218063
950936357266, LEFT, RIGHT, 1, 90, 6, 70, 0, 1, 0, 949728589156, 949864589156, 951104711519, 949864700278, 72765
953968477527, RIGHT, RIGHT, 8, 70, 6, 90, 1, 0, 0, 952704589156, 953097589156, 954248668775, 953096696710, 324025
957408478670, LEFT, RIGHT, 4, 90, 2, 70, 2, 2, 1, 956311589156, 956528589156, 957488683067, 956528693031, 180523
961224452364, LEFT, RIGHT, 6, 90, 1, 70, 1, 1, 1, 960167589156, 960512589156, 961271869916, 960512677838, 191714
965536430166, LEFT, RIGHT, 3, 90, 1, 70, 2, 2, 1, 964263589156, 964379589156, 965784743319, 964376744267, 228404
968936425505, RIGHT, RIGHT, 6, 70, 1, 90, 0, 1, 0, 967743589156, 968072589156, 968736858354, 968072637028, 373845
971904416480, RIGHT, RIGHT, 1, 70, 3, 90, 2, 2, 1, 970695589156, 970816589156, 972008543803, 970816519332, 151672
976656392650, LEFT, RIGHT, 8, 90, 6, 70, 0, 0, 1, 975543589156, 975856589156, 976663908423, 975856803641, 180342
979656468380, LEFT, RIGHT, 1, 90, 3, 70, 0, 1, 0, 978368589156, 978728589156, 979679945530, 978728546732, 210094
982424283319, RIGHT, RIGHT, 9, 70, 4, 90, 1, 0, 0, 981015589156, 981256589156, 982455829092, 981256740727, 158129
984976323956, RIGHT, RIGHT, 6, 70, 8, 90, 1, 1, 1, 983848589156, 983968589156, 985048616458, 983968317192, 71031
987560194698, LEFT, RIGHT, 8, 90, 3, 70, 2, 2, 1, 986311589156, 986417589156, 987664571400, 986416398609, 290665
990256413122, LEFT, RIGHT, 1, 90, 3, 70, 0, 1, 0, 988864589156, 989008589156, 990312446601, 989008554898, 59749
992688330385, RIGHT, RIGHT, 3, 70, 1, 90, 1, 0, 0, 991440589156, 991880589156, 992784535827, 991880466924, 228059
995048155703, RIGHT, RIGHT, 2, 70, 4, 90, 0, 0, 1, 993975589156, 994279589156, 995112508294, 994279748801, 175289
997768177218, LEFT, RIGHT, 2, 90, 7, 70, 0, 1, 0, 996584589156, 996840589156, 997896413322, 996840501898, 189411
1000248152263, RIGHT, RIGHT, 1, 70, 6, 90, 0, 0, 1, 999184589156, 999290589156, 1000368507541, 999288416045, 205323
1003200276175, RIGHT, RIGHT, 2, 70, 4, 90, 1, 1, 1, 1001656589156, 1001808589156, 1003448567969, 1001808502859, 311773
1006696297204, RIGHT, RIGHT, 3, 70, 8, 90, 2, 2, 1, 1005392589156, 1005648589156, 1006320479440, 1005648482143, 127996
1010528268337, RIGHT, RIGHT, 6, 70, 1, 90, 1, 0, 0, 1009063589156, 1009168589156, 1010240500566, 1009168302102, 137623
1013616291978, LEFT, RIGHT, 7, 90, 9, 70, 2, 2, 0, 1012272589156, 1012544589156, 1013688591970, 1012544451354, 195629
1016432267059, RIGHT, RIGHT, 4, 70, 2, 90, 1, 0, 0, 1015335589156, 1015600589156, 1016224436275, 1015600438507, 179256
1019368192697, RIGHT, RIGHT, 4, 70, 2, 90, 1, 0, 0, 1018231589156, 1018448589156, 1019440424172, 1018448430381, 163470
1022880195908, RIGHT, RIGHT, 6, 70, 8, 90, 0, 0, 1, 1021608589156, 1021728589156, 1022976352528, 1021728414414, 110994
1025680174659, RIGHT, RIGHT, 3, 70, 8, 90, 1, 1, 1, 1024519589156, 1024624589156, 1025848586888, 1024624236328, 84413
1028944162640, RIGHT, RIGHT, 7, 70, 2, 90, 2, 2, 0, 1027535589156, 1027657589156, 1029064485185, 1027656518866, 247181
1031560150038, RIGHT, RIGHT, 2, 70, 4, 90, 1, 1, 1, 1030183589156, 1030297589156, 1031672352641, 1030296093817, 260142
1034192137648, LEFT, RIGHT, 4, 90, 9, 70, 2, 2, 0, 1032944589156, 1033064589156, 1034408470903, 1033064420275, 142782
1036856143438, LEFT, RIGHT, 4, 90, 2, 70, 2, 2, 1, 1035615589156, 1035840589156, 1036920308231, 1035840354601, 152460
1039480060206, RIGHT, RIGHT, 4, 70, 9, 90, 1, 1, 1, 1038279589156, 1038409589156, 1039608299084, 1038408419307, 226761
1042704103133, LEFT, RIGHT, 2, 90, 4, 70, 0, 1, 0, 1041225589156, 1041338589156, 1042735534620, 1041336280483, 132223
1045392091767, LEFT, RIGHT, 8, 90, 6, 70, 1, 1, 1, 1044319589156, 1044536589156, 1045456176947, 1044536307002, 186918
1048272081847, LEFT, RIGHT, 1, 90, 6, 70, 2, 2, 0, 1047015589156, 1047130589156, 1048368297275, 1047128067169, 236785
1051136066998, LEFT, RIGHT, 7, 90, 9, 70, 2, 2, 0, 1049663589156, 1049831589156, 1051183633790, 1049831654069, 216779
1053904057807, LEFT, RIGHT, 7, 90, 9, 70, 0, 1, 0, 1052551589156, 1052666589156, 1054056249015, 1052663936163, 226355
1056400038890, LEFT, RIGHT, 6, 90, 8, 70, 2, 2, 0, 1055279589156, 1055392589156, 1056504247213, 1055392265417, 193499
1058911996886, LEFT, RIGHT, 4, 90, 9, 70, 0, 1, 0, 1057951589156, 1058056589156, 1059000201667, 1058056251511, 208992
1061296022249, LEFT, RIGHT, 3, 90, 1, 70, 1, 1, 1, 1060119589156, 1060224589156, 1061344067271, 1060223903119, 62821
1063936000812, LEFT, RIGHT, 8, 90, 6, 70, 1, 1, 1, 1062631589156, 1062736589156, 1063959545924, 1062736117706, 197462
1066656016779, RIGHT, RIGHT, 3, 70, 8, 90, 2, 2, 1, 1065247589156, 1065352589156, 1066832209971, 1065351984991, 210547
1069344011792, RIGHT, RIGHT, 8, 70, 6, 90, 2, 2, 0, 1067967589156, 1068080589156, 1069576209613, 1068080236297, 428230
1072583976984, LEFT, RIGHT, 4, 90, 9, 70, 2, 2, 0, 1071184589156, 1071288589156, 1072599504514, 1071288432411, 202168
1076031964919, RIGHT, RIGHT, 7, 70, 2, 90, 1, 0, 0, 1074583589156, 1074688589156, 1075776122123, 1074688086554, 78549
1080111939354, LEFT, RIGHT, 4, 90, 2, 70, 2, 2, 1, 1078655589156, 1078888589156, 1079816154833, 1078888142477, 182179
1087736049744, LEFT, RIGHT, 1, 90, 6, 70, 0, 1, 0, 1086151589156, 1086280589156, 1087743470648, 1086280125505, 142692
1093703823240, LEFT, RIGHT, 4, 90, 2, 70, 1, 1, 1, 1092271589156, 1092471589156, 1093735687465, 1092456096502, 91851
1096728009415, LEFT, RIGHT, 9, 90, 7, 70, 2, 2, 1, 1095431589156, 1095546589156, 1096735276641, 1095544102667, 150945
1099791854648, RIGHT, RIGHT, 6, 70, 1, 90, 1, 0, 0, 1098335589156, 1098464589156, 1099552072260, 1098464287457, 16446
1103175842840, LEFT, RIGHT, 7, 90, 2, 70, 0, 0, 1, 1101919589156, 1102264589156, 1103320069726, 1102264180216, 276462
1106087832514, RIGHT, RIGHT, 2, 70, 7, 90, 1, 1, 1, 1104799589156, 1105120589156, 1106111394548, 1105120052638, 219481
1108751810287, RIGHT, RIGHT, 3, 70, 1, 90, 2, 2, 0, 1107415589156, 1107529589156, 1108520080156, 1107528016184, 91972
1111791921223, RIGHT, RIGHT, 4, 70, 9, 90, 0, 0, 1, 1110551589156, 1110680589156, 1111799341017, 1110680101427, 115138
1114439763136, LEFT, RIGHT, 3, 90, 8, 70, 0, 1, 0, 1113295589156, 1113408589156, 1114463437515, 1113407964377, 150139
1117207748951, LEFT, RIGHT, 2, 90, 7, 70, 2, 2, 0, 1116055589156, 1116159589156, 1117311998051, 1116159480070, 22590
1119775771771, LEFT, RIGHT, 6, 90, 8, 70, 1, 0, 0, 1118591589156, 1118696589156, 1119839984554, 1118695881664, 52184
1122367755243, RIGHT, RIGHT, 1, 70, 6, 90, 2, 2, 1, 1121247589156, 1121584589156, 1122375333152, 1121584076847, 223491
1124959743153, LEFT, RIGHT, 9, 90, 4, 70, 2, 2, 1, 1124080589156, 1124184589156, 1125039926190, 1124183845166, 240529
1127935728686, LEFT, RIGHT, 9, 90, 7, 70, 0, 0, 1, 1126455589156, 1126584589156, 1127991300577, 1126584179484, 186597
1130671724339, LEFT, RIGHT, 3, 90, 1, 70, 1, 1, 1, 1129375589156, 1129488589156, 1130735935180, 1129487945193, 178811
1133295711010, RIGHT, RIGHT, 8, 70, 3, 90, 2, 2, 0, 1132071589156, 1132216589156, 1133359907704, 1132215845592, 170943
1135775691049, LEFT, RIGHT, 3, 90, 8, 70, 1, 0, 0, 1134568589156, 1134864589156, 1135871921734, 1134863991254, 210655
1138519700401, LEFT, RIGHT, 2, 90, 7, 70, 2, 2, 0, 1137447589156, 1137696589156, 1138583843557, 1137695910514, 185087
1140951682297, RIGHT, RIGHT, 9, 70, 4, 90, 2, 2, 0, 1139751589156, 1139895589156, 1141063906814, 1139895613311, 163313
1143599661798, RIGHT, RIGHT, 2, 70, 7, 90, 2, 2, 1, 1142215589156, 1142319589156, 1143799893590, 1142319860292, 400443
1146047651397, LEFT, RIGHT, 9, 90, 7, 70, 0, 0, 1, 1144895589156, 1145000589156, 1146183882337, 1144999463515, 113036
1149047684130, RIGHT, RIGHT, 2, 70, 7, 90, 0, 0, 1, 1147703589156, 1147817589156, 1149191856091, 1147815856632, 318853
1151599576915, LEFT, RIGHT, 9, 90, 7, 70, 2, 2, 1, 1150487589156, 1150615589156, 1151647500993, 1150615872555, 143848
1154103589174, LEFT, RIGHT, 3, 90, 1, 70, 0, 0, 1, 1152871589156, 1153136589156, 1154351830204, 1153135853958, 243672
1157295571480, LEFT, RIGHT, 4, 90, 9, 70, 0, 1, 0, 1155671589156, 1155856589156, 1157359474411, 1155855827761, 223225
1159879631684, LEFT, RIGHT, 8, 90, 6, 70, 1, 1, 1, 1158655589156, 1158880589156, 1159983814486, 1158879819481, 174946
1162951604348, RIGHT, RIGHT, 9, 70, 7, 90, 1, 0, 0, 1161583589156, 1161767589156, 1163056011841, 1161767206609, 293692
1165871567776, RIGHT, RIGHT, 4, 70, 9, 90, 2, 2, 1, 1164519589156, 1164633589156, 1165943832816, 1164631705775, 214207
1168943554588, RIGHT, RIGHT, 1, 70, 3, 90, 1, 1, 1, 1167503589156, 1167608589156, 1168975044050, 1167607654137, 144776
1171607566203, RIGHT, RIGHT, 8, 70, 3, 90, 2, 2, 0, 1170343589156, 1170448589156, 1171647414445, 1170447648124, 140137
1210487320496, RIGHT, RIGHT, 9, 70, 4, 90, 0, 1, 0, 1209015589156, 1209295589156, 1210551726624, 1209295596446, 220162
1213463367334, RIGHT, RIGHT, 4, 70, 2, 90, 0, 1, 0, 1212399589156, 1212712589156, 1213494934190, 1212711681597, 275746
1216375355621, RIGHT, RIGHT, 9, 70, 4, 90, 2, 2, 0, 1214999589156, 1215335589156, 1216414919810, 1215335568961, 344006
1218839359026, LEFT, RIGHT, 7, 90, 9, 70, 0, 1, 0, 1217727589156, 1217951589156, 1218886909451, 1217950819594, 250205
1221287332258, LEFT, RIGHT, 1, 90, 6, 70, 1, 0, 0, 1220023589156, 1220335589156, 1221447598470, 1220335555369, 202122
1223983273286, LEFT, RIGHT, 1, 90, 6, 70, 2, 2, 0, 1222823589156, 1223135589156, 1224023536513, 1223135542442, 231647
1227143303156, RIGHT, RIGHT, 6, 70, 1, 90, 1, 0, 0, 1225342589156, 1225471589156, 1227271582256, 1225471651494, 462589
1229839291618, LEFT, RIGHT, 3, 90, 1, 70, 0, 0, 1, 1228374589156, 1228735589156, 1229919512104, 1228735516589, 442641
1232855273523, RIGHT, RIGHT, 7, 70, 2, 90, 0, 1, 0, 1231607589156, 1231943589156, 1232983507131, 1231943487735, 354914
1235959256322, LEFT, RIGHT, 8, 90, 3, 70, 0, 0, 1, 1234486589156, 1234631589156, 1235999314553, 1234631413677, 299177
1239591260299, RIGHT, RIGHT, 6, 70, 1, 90, 1, 0, 0, 1238319589156, 1238567589156, 1239711489362, 1238567469691, 364643
1242567225583, RIGHT, RIGHT, 7, 70, 2, 90, 1, 0, 0, 1241215589156, 1241327589156, 1242727445746, 1241327112538, 68683
1245799212028, LEFT, RIGHT, 8, 90, 3, 70, 1, 1, 1, 1244678589156, 1244903589156, 1245911434604, 1244903476107, 207816
1248471279229, RIGHT, RIGHT, 2, 70, 4, 90, 2, 2, 1, 1247198589156, 1247495589156, 1248551419269, 1247495429620, 183335
1251407198209, LEFT, RIGHT, 7, 90, 2, 70, 0, 0, 1, 1250031589156, 1250239589156, 1251479443831, 1250239458666, 186447
1254223181889, LEFT, RIGHT, 6, 90, 8, 70, 2, 2, 0, 1253126589156, 1253439589156, 1254311391663, 1253439410011, 249858
1256655178765, LEFT, RIGHT, 6, 90, 8, 70, 2, 2, 0, 1255647589156, 1255919589156, 1256719415126, 1255919400591, 233488
1260278981523, RIGHT, RIGHT, 6, 70, 1, 90, 0, 1, 0, 1258022589156, 1258279589156, 1260350634349, 1258279399559, 248885
1263479142579, LEFT, RIGHT, 1, 90, 6, 70, 0, 1, 0, 1262262589156, 1262367589156, 1263775366495, 1262367275347, 294267
1267335122908, LEFT, RIGHT, 8, 90, 6, 70, 2, 2, 1, 1266198589156, 1266495589156, 1267399363985, 1266495351949, 242240
1269663116734, LEFT, RIGHT, 9, 90, 4, 70, 1, 1, 1, 1268630589156, 1268887589156, 1269743336388, 1268887347459, 235483
1272151291612, RIGHT, RIGHT, 2, 70, 7, 90, 0, 0, 1, 1270950589156, 1271087589156, 1272158660642, 1271087268568, 123847
1275079095089, LEFT, RIGHT, 8, 90, 3, 70, 0, 0, 1, 1273670589156, 1273967589156, 1275110668602, 1273967321617, 264342
1278143076801, LEFT, RIGHT, 6, 90, 1, 70, 0, 0, 1, 1276942589156, 1277135589156, 1278247306760, 1277135266988, 190236
1280831065711, LEFT, RIGHT, 7, 90, 9, 70, 0, 1, 0, 1279750589156, 1279855589156, 1281015293130, 1279855119846, 176744
1285735043906, RIGHT, RIGHT, 2, 70, 4, 90, 1, 1, 1, 1283542589156, 1283663589156, 1285782599324, 1283663276515, 278585
1288862985970, RIGHT, RIGHT, 8, 70, 3, 90, 2, 2, 0, 1287542589156, 1287646589156, 1288615257013, 1287646699040, 144194
1293182974974, RIGHT, RIGHT, 1, 70, 6, 90, 2, 2, 1, 1291934589156, 1292119589156, 1293247248229, 1292119006300, 250757
1296062999174, RIGHT, RIGHT, 4, 70, 9, 90, 1, 1, 1, 1294774589156, 1295119589156, 1296199412086, 1295119467055, 328588
1298846987699, RIGHT, RIGHT, 3, 70, 8, 90, 0, 0, 1, 1297662589156, 1297839589156, 1298983214478, 1297839059993, 272538
1301750973660, LEFT, RIGHT, 2, 90, 7, 70, 1, 0, 0, 1300454589156, 1300815589156, 1301766531426, 1300815206416, 151466
1304734935444, RIGHT, RIGHT, 8, 70, 3, 90, 1, 0, 0, 1303479589156, 1303711589156, 1304855731504, 1303711196154, 220968
1307766922278, RIGHT, RIGHT, 4, 70, 2, 90, 0, 1, 0, 1306406589156, 1306527589156, 1307927172678, 1306527183163, 166740
1311479002494, RIGHT, RIGHT, 1, 70, 6, 90, 2, 2, 1, 1310174589156, 1310319589156, 1311687150619, 1310319354044, 357434
1314502927362, RIGHT, RIGHT, 8, 70, 3, 90, 0, 1, 0, 1313166589156, 1313271589156, 1314759289444, 1313270938142, 314090
1317230915418, RIGHT, RIGHT, 9, 70, 7, 90, 2, 2, 0, 1316110589156, 1316215589156, 1316935135613, 1316215045859, 2993
1320294902123, LEFT, RIGHT, 8, 90, 6, 70, 2, 2, 1, 1319166589156, 1319415589156, 1320383129650, 1319415126470, 124428
1323382888870, LEFT, RIGHT, 8, 90, 3, 70, 0, 0, 1, 1322158589156, 1322391589156, 1323447144927, 1322391145568, 149013
1326054864530, RIGHT, RIGHT, 9, 70, 4, 90, 2, 2, 0, 1324926589156, 1325055589156, 1326263154405, 1325055105588, 248601
1329622855172, RIGHT, RIGHT, 1, 70, 3, 90, 0, 0, 1, 1327830589156, 1327943589156, 1329783079774, 1327943125178, 227671
1332478935641, LEFT, RIGHT, 7, 90, 2, 70, 2, 2, 1, 1331254589156, 1331367589156, 1332510422884, 1331367075900, 143707
1335670833342, RIGHT, RIGHT, 7, 70, 2, 90, 2, 2, 0, 1334518589156, 1334887589156, 1335775058863, 1334887062851, 261035
1338366839835, LEFT, RIGHT, 9, 90, 4, 70, 0, 0, 1, 1337190589156, 1337311589156, 1338494992998, 1337311052407, 247739
1341318742108, RIGHT, RIGHT, 3, 70, 8, 90, 2, 2, 1, 1340142589156, 1340471589156, 1341471000168, 1340471036230, 256710
1344270690150, RIGHT, RIGHT, 4, 70, 9, 90, 0, 0, 1, 1342910589156, 1343095589156, 1344431018498, 1343095026230, 249682
1347198711383, LEFT, RIGHT, 3, 90, 1, 70, 0, 0, 1, 1346046589156, 1346175589156, 1347230608340, 1346175012316, 171829
1349902765973, RIGHT, RIGHT, 3, 70, 1, 90, 2, 2, 0, 1348686589156, 1349031589156, 1350014992987, 1349030917471, 241162
1353670746240, RIGHT, RIGHT, 9, 70, 4, 90, 1, 0, 0, 1352350589156, 1352471589156, 1353326996309, 1352470984079, 76619
1359094732190, RIGHT, RIGHT, 3, 70, 8, 90, 0, 0, 1, 1357798589156, 1357991589156, 1359286954999, 1357990961599, 207319
1362430713085, RIGHT, RIGHT, 9, 70, 7, 90, 1, 0, 0, 1361262589156, 1361567589156, 1362574937474, 1361566942361, 225233
1365238669197, LEFT, RIGHT, 4, 90, 2, 70, 2, 2, 1, 1364014589156, 1364143589156, 1365350961399, 1364142929781, 213294
1367982696302, RIGHT, RIGHT, 9, 70, 7, 90, 1, 0, 0, 1366726589156, 1367007589156, 1367742923622, 1367006928802, 333316
1371038679849, LEFT, RIGHT, 2, 90, 4, 70, 0, 1, 0, 1369718589156, 1369983589156, 1371078202705, 1369982944849, 198014
1374118670096, RIGHT, RIGHT, 9, 70, 4, 90, 1, 0, 0, 1372862589156, 1373079589156, 1374254898262, 1373078902021, 224616
1377350671798, LEFT, RIGHT, 2, 90, 4, 70, 2, 2, 0, 1375838589156, 1375951589156, 1377390531968, 1375950844837, 285915
1382846625697, RIGHT, RIGHT, 9, 70, 7, 90, 1, 0, 0, 1381270589156, 1381591589156, 1383054865640, 1381590853636, 251596
1386814615007, RIGHT, RIGHT, 9, 70, 7, 90, 0, 1, 0, 1385822589156, 1386159589156, 1386918834980, 1386158839285, 276592
1389950592407, RIGHT, RIGHT, 8, 70, 6, 90, 2, 2, 0, 1388518589156, 1388823589156, 1390094933857, 1388822824270, 219689
1393590592329, LEFT, RIGHT, 6, 90, 1, 70, 1, 1, 1, 1392454589156, 1392599589156, 1393662807160, 1392598984951, 137521
1396446572936, LEFT, RIGHT, 6, 90, 8, 70, 2, 2, 0, 1395118589156, 1395430589156, 1396582850201, 1395430818496, 195846
1399686551721, LEFT, RIGHT, 9, 90, 7, 70, 1, 1, 1, 1398134589156, 1398511589156, 1399798789276, 1398510911934, 249362
1402558550848, RIGHT, RIGHT, 9, 70, 4, 90, 1, 0, 0, 1401102589156, 1401495589156, 1402646975327, 1401494783564, 324725
1405086529584, RIGHT, RIGHT, 3, 70, 1, 90, 2, 2, 0, 1403798589156, 1403959589156, 1405206950605, 1403958774763, 182493
1407846521396, RIGHT, RIGHT, 8, 70, 6, 90, 0, 1, 0, 1406446589156, 1406846589156, 1408038771112, 1406846685337, 301067
1410718461438, LEFT, RIGHT, 4, 90, 9, 70, 1, 0, 0, 1409350589156, 1409455589156, 1410750057698, 1409454652932, 104835
1413414493174, LEFT, RIGHT, 8, 90, 6, 70, 2, 2, 1, 1412278589156, 1412551589156, 1413454429629, 1412550739094, 211022
1417742473963, RIGHT, RIGHT, 9, 70, 7, 90, 0, 1, 0, 1416358589156, 1416471589156, 1417486872779, 1416470359660, 13558
1420806449017, RIGHT, RIGHT, 3, 70, 8, 90, 2, 2, 1, 1419694589156, 1419806589156, 1420854703751, 1419806823225, 149770
1423406466438, LEFT, RIGHT, 1, 90, 6, 70, 2, 2, 0, 1422302589156, 1422439589156, 1423494676212, 1422438827479, 175244
1426542437458, RIGHT, RIGHT, 3, 70, 1, 90, 1, 0, 0, 1424878589156, 1425207589156, 1426614664217, 1425206756983, 209000
1429558424078, RIGHT, RIGHT, 4, 70, 9, 90, 0, 0, 1, 1428246589156, 1428374589156, 1429598004633, 1428374662686, 145752
1433142414101, LEFT, RIGHT, 6, 90, 1, 70, 0, 0, 1, 1431814589156, 1432190589156, 1432902667774, 1432190535685, 292401
1437622384153, RIGHT, RIGHT, 1, 70, 6, 90, 1, 1, 1, 1435605589156, 1435926589156, 1437310638810, 1435926805128, 209970
1465950265357, LEFT, RIGHT, 8, 90, 3, 70, 1, 1, 1, 1464430589156, 1464710589156, 1466071263639, 1464710497670, 314639
1469110256391, LEFT, RIGHT, 1, 90, 3, 70, 1, 0, 0, 1467902589156, 1468110589156, 1469214490789, 1468110486353, 203513
1471822246731, LEFT, RIGHT, 8, 90, 3, 70, 1, 1, 1, 1470678589156, 1471022589156, 1471990465892, 1471022484349, 271976
1474790239370, RIGHT, RIGHT, 7, 70, 2, 90, 0, 1, 0, 1473366589156, 1473494589156, 1474926455886, 1473494461784, 233919
1480054206269, RIGHT, RIGHT, 2, 70, 4, 90, 1, 1, 1, 1477398589156, 1477638589156, 1480126434415, 1477638441510, 264061
1483102199141, RIGHT, RIGHT, 7, 70, 2, 90, 2, 2, 0, 1481862589156, 1482174589156, 1483238531053, 1482174409257, 210303
1485734181758, LEFT, RIGHT, 4, 90, 2, 70, 0, 0, 1, 1484590589156, 1484966589156, 1485902407854, 1484966424518, 251719
1488534176876, RIGHT, RIGHT, 4, 70, 9, 90, 2, 2, 1, 1487293589156, 1487678589156, 1488742409330, 1487678414303, 290030
1491462173144, RIGHT, RIGHT, 6, 70, 8, 90, 0, 0, 1, 1489981589156, 1490430589156, 1491222385762, 1490430403234, 198015
1495134143256, RIGHT, RIGHT, 9, 70, 4, 90, 0, 1, 0, 1493709589156, 1494070589156, 1495342296374, 1494070389286, 399054
1498606124852, LEFT, RIGHT, 7, 90, 2, 70, 0, 0, 1, 1497477589156, 1497838589156, 1498678353831, 1497838356238, 206875
1501462115445, LEFT, RIGHT, 2, 90, 4, 70, 0, 1, 0, 1500174589156, 1500390589156, 1501574551061, 1500390340564, 252967
1504326101706, RIGHT, RIGHT, 4, 70, 2, 90, 2, 2, 0, 1503141589156, 1503470589156, 1504542344807, 1503470386013, 236849
1507110089954, RIGHT, RIGHT, 4, 70, 9, 90, 2, 2, 1, 1506037589156, 1506358589156, 1507294539011, 1506358320166, 240369
1509830083729, RIGHT, RIGHT, 6, 70, 8, 90, 2, 2, 1, 1508549589156, 1508678589156, 1509926315246, 1508678307228, 190618
1512454068459, RIGHT, RIGHT, 9, 70, 7, 90, 2, 2, 0, 1511406589156, 1511510589156, 1512702279531, 1511509992366, 256343
1515302054784, LEFT, RIGHT, 8, 90, 3, 70, 0, 0, 1, 1513949589156, 1514086589156, 1515406240360, 1514086250524, 139714
1518006043631, RIGHT, RIGHT, 2, 70, 7, 90, 0, 0, 1, 1516734589156, 1517022589156, 1518062221078, 1517022271863, 212880
1520974043205, RIGHT, RIGHT, 7, 70, 9, 90, 0, 0, 1, 1519709589156, 1519814589156, 1521174475554, 1519814149536, 226380
1523670016133, LEFT, RIGHT, 2, 90, 7, 70, 2, 2, 0, 1522525589156, 1522846589156, 1523790684036, 1522846183527, 186444
1526358005876, RIGHT, RIGHT, 8, 70, 6, 90, 1, 0, 0, 1525117589156, 1525310589156, 1526150279393, 1525310447961, 143822
1529005906319, LEFT, RIGHT, 1, 90, 6, 70, 1, 0, 0, 1527709589156, 1528014589156, 1529126251889, 1528014307818, 199280
1532309981658, LEFT, RIGHT, 1, 90, 3, 70, 0, 1, 0, 1530877589156, 1531174589156, 1532333603887, 1531174274442, 216433
1593005736276, LEFT, RIGHT, 8, 90, 3, 70, 1, 1, 1, 1591877589156, 1592142589156, 1593117886174, 1592142079006, 245997
1597061695134, RIGHT, RIGHT, 2, 70, 4, 90, 0, 0, 1, 1595261589156, 1595574589156, 1597165892638, 1595573973523, 314493
1602149682159, RIGHT, RIGHT, 2, 70, 4, 90, 2, 2, 1, 1600469589156, 1600734589156, 1602262138303, 1600733917955, 304090
1605445667237, RIGHT, RIGHT, 8, 70, 3, 90, 1, 0, 0, 1604157589156, 1604542589156, 1605558539753, 1604541872956, 237625
1608013603509, LEFT, RIGHT, 7, 90, 9, 70, 0, 1, 0, 1606813589156, 1607054589156, 1608085749546, 1607053851479, 198896
1610965606199, RIGHT, RIGHT, 7, 70, 2, 90, 1, 0, 0, 1609741589156, 1610094589156, 1611109900769, 1610093833704, 282026
1614925634516, LEFT, RIGHT, 1, 90, 3, 70, 2, 2, 0, 1613621589156, 1613886589156, 1615013857049, 1613885855345, 189988
1617749618580, LEFT, RIGHT, 7, 90, 2, 70, 1, 1, 1, 1616653589156, 1616910589156, 1617797160406, 1616909828202, 215298
1620397600855, RIGHT, RIGHT, 2, 70, 4, 90, 1, 1, 1, 1619229589156, 1619526589156, 1620573803479, 1619525840011, 336221
1624365600707, LEFT, RIGHT, 7, 90, 9, 70, 1, 0, 0, 1623149589156, 1623494589156, 1624102039084, 1623493826270, 120269
1628005570670, RIGHT, RIGHT, 2, 70, 4, 90, 1, 1, 1, 1626461589156, 1626790589156, 1628182012964, 1626789803026, 287089
1630877549271, LEFT, RIGHT, 6, 90, 1, 70, 2, 2, 1, 1629829589156, 1630110589156, 1630957784458, 1630109791753, 203851
1633501506816, RIGHT, RIGHT, 9, 70, 7, 90, 2, 2, 0, 1632381589156, 1632670589156, 1633613778491, 1632669767863, 212621
1635941495198, RIGHT, RIGHT, 2, 70, 7, 90, 0, 0, 1, 1634693589156, 1634854589156, 1636141880391, 1634853770868, 204918
1638973478703, RIGHT, RIGHT, 1, 70, 6, 90, 1, 1, 1, 1637653589156, 1638030589156, 1639165746450, 1638029761561, 244590
1642309510639, LEFT, RIGHT, 4, 90, 2, 70, 1, 1, 1, 1640973589156, 1641262589156, 1642533736648, 1641261877550, 181654
1645133460584, LEFT, RIGHT, 4, 90, 2, 70, 2, 2, 1, 1643941589156, 1644157589156, 1645277727692, 1644156940785, 205891
1648237451427, LEFT, RIGHT, 1, 90, 6, 70, 1, 0, 0, 1646773589156, 1646990589156, 1648405743266, 1646989720528, 255024
1651021610551, RIGHT, RIGHT, 6, 70, 8, 90, 0, 0, 1, 1649517589156, 1649854589156, 1651125700980, 1649853730923, 244291
1653661545840, LEFT, RIGHT, 7, 90, 9, 70, 1, 0, 0, 1652533589156, 1652645589156, 1653765742234, 1652645695421, 123414
1656781453123, RIGHT, RIGHT, 4, 70, 9, 90, 0, 0, 1, 1655181589156, 1655301589156, 1656893716754, 1655301421211, 307421
1659413436018, LEFT, RIGHT, 8, 90, 3, 70, 2, 2, 1, 1658373589156, 1658542589156, 1659509664761, 1658541706519, 177570
1662077420170, RIGHT, RIGHT, 4, 70, 9, 90, 1, 1, 1, 1660773589156, 1661006589156, 1662205604679, 1661005666372, 233847
1665141371091, RIGHT, RIGHT, 6, 70, 1, 90, 1, 0, 0, 1663509589156, 1663685589156, 1665277650021, 1663685646022, 200713
1667893391090, RIGHT, RIGHT, 3, 70, 1, 90, 0, 1, 0, 1666845589156, 1667038589156, 1668021242446, 1667037626575, 189975
1670749388063, RIGHT, RIGHT, 4, 70, 9, 90, 0, 0, 1, 1669621589156, 1669726589156, 1670861632554, 1669725554459, 46575
1673461375075, LEFT, RIGHT, 4, 90, 2, 70, 0, 0, 1, 1672373589156, 1672702589156, 1673557587174, 1672701649009, 221340
1675909366060, RIGHT, RIGHT, 6, 70, 1, 90, 0, 1, 0, 1674685589156, 1674846589156, 1675997618276, 1674845756892, 146826
1678269355042, RIGHT, RIGHT, 2, 70, 4, 90, 2, 2, 1, 1677237589156, 1677461589156, 1678013650667, 1677461591444, 157300
1681765338068, LEFT, RIGHT, 9, 90, 4, 70, 2, 2, 1, 1680572589156, 1680837589156, 1681893530621, 1680837568988, 249327
1684589326015, RIGHT, RIGHT, 8, 70, 6, 90, 1, 0, 0, 1683357589156, 1683637589156, 1684677614015, 1683637559667, 228787
1687109313244, RIGHT, RIGHT, 2, 70, 7, 90, 0, 0, 1, 1685957589156, 1686061589156, 1687253561489, 1686061484036, 85378
1689717272241, LEFT, RIGHT, 9, 90, 4, 70, 1, 1, 1, 1688581589156, 1688693589156, 1689821548525, 1688693534893, 188422
1692429313621, LEFT, RIGHT, 8, 90, 3, 70, 2, 2, 1, 1691133589156, 1691374589156, 1692517527556, 1691373563919, 251054
1694989298331, RIGHT, RIGHT, 7, 70, 9, 90, 2, 2, 1, 1693845589156, 1694142589156, 1694765618238, 1694141528375, 234557
1697589272201, LEFT, RIGHT, 9, 90, 4, 70, 2, 2, 1, 1696557589156, 1696789589156, 1697685493731, 1696789530900, 188741
1700133258917, RIGHT, RIGHT, 2, 70, 7, 90, 1, 1, 1, 1698981589156, 1699189589156, 1700269498179, 1699189490179, 181873
1702349247646, LEFT, RIGHT, 1, 90, 3, 70, 1, 0, 0, 1701373589156, 1701493589156, 1702437488765, 1701493480357, 112110
1704957238265, LEFT, RIGHT, 3, 90, 8, 70, 1, 0, 0, 1703533589156, 1703710589156, 1705037463466, 1703709565619, 294993
1708141232671, RIGHT, RIGHT, 9, 70, 7, 90, 2, 2, 0, 1706508589156, 1706757589156, 1707901471364, 1706757458629, 202656
1711509213992, RIGHT, RIGHT, 9, 70, 7, 90, 1, 0, 0, 1710181589156, 1710286589156, 1711629645831, 1710285305601, 276201
1714645197772, RIGHT, RIGHT, 6, 70, 1, 90, 2, 2, 0, 1712989589156, 1713141589156, 1714829641837, 1713141428512, 299691
1717293237191, LEFT, RIGHT, 3, 90, 8, 70, 1, 0, 0, 1716125589156, 1716237589156, 1717389273421, 1716237368209, 151474
1720013194073, RIGHT, RIGHT, 9, 70, 7, 90, 1, 0, 0, 1718797589156, 1719133589156, 1720157410972, 1719133425077, 227407
1722773161750, RIGHT, RIGHT, 3, 70, 1, 90, 2, 2, 0, 1721452589156, 1721581589156, 1722869574130, 1721581415785, 344180
1725149147339, RIGHT, RIGHT, 3, 70, 8, 90, 2, 2, 1, 1724148589156, 1724430589156, 1725261434548, 1724429585192, 261686
1727621141141, LEFT, RIGHT, 9, 90, 7, 70, 0, 0, 1, 1726493589156, 1726621589156, 1727709348141, 1726621388024, 125894
1731533123048, LEFT, RIGHT, 8, 90, 6, 70, 0, 0, 1, 1729028589156, 1729333589156, 1731597350533, 1729333362829, 245220
1734189115694, RIGHT, RIGHT, 2, 70, 7, 90, 1, 1, 1, 1732989589156, 1733173589156, 1734373342002, 1733173345997, 314615
1737261104724, RIGHT, RIGHT, 7, 70, 9, 90, 2, 2, 1, 1735908589156, 1736013589156, 1737469505557, 1736013282839, 264552
1739861090522, LEFT, RIGHT, 7, 90, 9, 70, 1, 0, 0, 1738685589156, 1738854589156, 1739981324577, 1738853373359, 143991
1742677077531, RIGHT, RIGHT, 4, 70, 9, 90, 2, 2, 1, 1741533589156, 1741693589156, 1742525315177, 1741693328232, 123957
1745973066215, LEFT, RIGHT, 6, 90, 8, 70, 0, 1, 0, 1744957589156, 1745061589156, 1746093311089, 1745061095681, 150747
1748853053244, LEFT, RIGHT, 8, 90, 6, 70, 0, 0, 1, 1747716589156, 1747925589156, 1748925300808, 1747925301918, 176487
1751461039980, RIGHT, RIGHT, 4, 70, 9, 90, 1, 1, 1, 1750301589156, 1750461589156, 1751253278545, 1750461309332, 95587
1754493026536, RIGHT, RIGHT, 1, 70, 3, 90, 1, 1, 1, 1753140589156, 1753373589156, 1754717272795, 1753373308992, 351688
1756965014790, LEFT, RIGHT, 2, 90, 4, 70, 2, 2, 0, 1755892589156, 1756005589156, 1757053240098, 1756005250832, 198374
1759709114850, RIGHT, RIGHT, 9, 70, 4, 90, 0, 1, 0, 1758573589156, 1758749589156, 1759445232557, 1758749310670, 123942
1763180999081, RIGHT, RIGHT, 2, 70, 4, 90, 1, 1, 1, 1761700589156, 1761965589156, 1763429253426, 1761965246139, 192209
1766516970822, RIGHT, RIGHT, 9, 70, 4, 90, 0, 1, 0, 1765268589156, 1765421589156, 1766701232915, 1765421224748, 202088
1769076961912, RIGHT, RIGHT, 7, 70, 9, 90, 0, 0, 1, 1767853589156, 1768069589156, 1769237294699, 1768069151544, 219777
1772900966226, RIGHT, RIGHT, 7, 70, 9, 90, 0, 0, 1, 1770700589156, 1770805589156, 1773189146485, 1770805078125, 334119
1775724927544, RIGHT, RIGHT, 8, 70, 6, 90, 0, 1, 0, 1774356589156, 1774493589156, 1775917149798, 1774492967451, 285444
1778380926015, RIGHT, RIGHT, 1, 70, 3, 90, 0, 0, 1, 1777212589156, 1777317589156, 1778629183134, 1777317026412, 207197
1780932911173, RIGHT, RIGHT, 2, 70, 4, 90, 0, 0, 1, 1779748589156, 1779885589156, 1781141040158, 1779885140218, 122314
1785228901522, LEFT, RIGHT, 8, 90, 6, 70, 0, 0, 1, 1783133589156, 1783277589156, 1785293019990, 1783277125187, 242233
1788196880568, LEFT, RIGHT, 6, 90, 1, 70, 0, 0, 1, 1786892589156, 1787013589156, 1788252991440, 1787013110576, 170321
1791036878438, LEFT, RIGHT, 1, 90, 3, 70, 0, 1, 0, 1789732589156, 1790093589156, 1791141130311, 1790093071696, 213138
1793652859455, RIGHT, RIGHT, 6, 70, 8, 90, 1, 1, 1, 1792460589156, 1792605589156, 1793789075138, 1792605071579, 335045
1797044840818, RIGHT, RIGHT, 8, 70, 6, 90, 2, 2, 0, 1795468589156, 1795733589156, 1796741073944, 1795733075502, 152894
1799676831203, LEFT, RIGHT, 6, 90, 1, 70, 2, 2, 1, 1798652589156, 1798765589156, 1799765056788, 1798765110326, 178435
1802596816823, RIGHT, RIGHT, 9, 70, 4, 90, 0, 1, 0, 1801316589156, 1801653589156, 1802789048786, 1801653051136, 215399
1805396808057, RIGHT, RIGHT, 6, 70, 8, 90, 2, 2, 1, 1804108589156, 1804493589156, 1805541067398, 1804493059269, 218942
1807740798213, LEFT, RIGHT, 1, 90, 6, 70, 2, 2, 0, 1806532589156, 1806669589156, 1807869029324, 1806668864384, 213761
1809988757686, LEFT, RIGHT, 3, 90, 1, 70, 2, 2, 1, 1808876589156, 1808981589156, 1810077170514, 1808980888233, 180673
1812524784796, LEFT, RIGHT, 6, 90, 1, 70, 1, 1, 1, 1811412589156, 1811741589156, 1812644999988, 1811741009589, 235564
1815884762404, RIGHT, RIGHT, 1, 70, 3, 90, 1, 1, 1, 1813964589156, 1814109589156, 1816117189632, 1814108996458, 231370
1818628755944, RIGHT, RIGHT, 7, 70, 9, 90, 0, 0, 1, 1817348589156, 1817453589156, 1818708976152, 1817453156103, 196145
1821324746626, RIGHT, RIGHT, 3, 70, 8, 90, 0, 0, 1, 1819884589156, 1820005589156, 1821397178658, 1820004971217, 167310
1824148754269, LEFT, RIGHT, 4, 90, 9, 70, 1, 0, 0, 1822684589156, 1822805589156, 1824277176783, 1822804868969, 260215
1827972669261, LEFT, RIGHT, 2, 90, 4, 70, 1, 0, 0, 1826604589156, 1826756589156, 1828020933427, 1826756333510, 133812
1830596688388, RIGHT, RIGHT, 2, 70, 7, 90, 2, 2, 1, 1829484589156, 1829621589156, 1830757117431, 1829620670400, 213982
1833476684294, LEFT, RIGHT, 2, 90, 7, 70, 1, 0, 0, 1832092589156, 1832228589156, 1833548912163, 1832228365037, 245476
1835964673870, RIGHT, RIGHT, 3, 70, 1, 90, 0, 1, 0, 1834692589156, 1834925589156, 1836132906901, 1834924907183, 217467
1838860679698, LEFT, RIGHT, 8, 90, 6, 70, 2, 2, 1, 1837596589156, 1837725589156, 1838964911321, 1837724894533, 196730
1841260653678, RIGHT, RIGHT, 3, 70, 8, 90, 2, 2, 1, 1840076589156, 1840205589156, 1841348878709, 1840204885668, 183788
1843820636724, RIGHT, RIGHT, 3, 70, 8, 90, 0, 0, 1, 1842492589156, 1842597589156, 1843964868602, 1842596845949, 209529
1846212624467, LEFT, RIGHT, 1, 90, 3, 70, 0, 1, 0, 1844948589156, 1845061589156, 1846260856732, 1845060863501, 163213
1848796606168, RIGHT, RIGHT, 6, 70, 8, 90, 0, 0, 1, 1847420589156, 1847532589156, 1849028840051, 1847532339959, 248908
1851452603529, RIGHT, RIGHT, 2, 70, 4, 90, 2, 2, 1, 1850076589156, 1850245589156, 1851524829734, 1850244664006, 257869
1854268597751, RIGHT, RIGHT, 7, 70, 2, 90, 0, 1, 0, 1852868589156, 1853165589156, 1854388858159, 1853164831043, 249493
1856916697642, RIGHT, RIGHT, 8, 70, 3, 90, 2, 2, 0, 1855484589156, 1855789589156, 1856988803457, 1855788807174, 260135
1859476726735, LEFT, RIGHT, 9, 90, 7, 70, 2, 2, 1, 1858052589156, 1858268589156, 1859604818593, 1858276981773, 268961
1862204557231, LEFT, RIGHT, 2, 90, 4, 70, 2, 2, 0, 1860860589156, 1861173589156, 1862284779658, 1861172785102, 242617
1864676671700, RIGHT, RIGHT, 2, 70, 7, 90, 1, 1, 1, 1863564589156, 1863709589156, 1864780720797, 1863708650767, 238659
1867340535740, RIGHT, RIGHT, 7, 70, 2, 90, 1, 0, 0, 1866108589156, 1866213589156, 1867460825830, 1866212655813, 264872
1894620383572, RIGHT, RIGHT, 7, 70, 2, 90, 2, 2, 0, 1893395589156, 1893516589156, 1894667976161, 1893516667628, 179424
1897460406407, LEFT, RIGHT, 9, 90, 7, 70, 0, 0, 1, 1896235589156, 1896372589156, 1897516406875, 1896372634919, 313687
1900132544899, RIGHT, RIGHT, 4, 70, 2, 90, 1, 0, 0, 1898827589156, 1898972589156, 1900139951932, 1898972624323, 47461
1902844384058, LEFT, RIGHT, 7, 90, 9, 70, 2, 2, 0, 1901644589156, 1901796589156, 1902972604350, 1901796542089, 322524
1906012365767, RIGHT, RIGHT, 1, 70, 3, 90, 2, 2, 1, 1904851589156, 1904972589156, 1906027954879, 1904972581327, 186249
1909124315940, RIGHT, RIGHT, 4, 70, 2, 90, 2, 2, 0, 1907812589156, 1908044589156, 1909131866110, 1908044585059, 205021
1912500355344, RIGHT, RIGHT, 7, 70, 9, 90, 1, 1, 1, 1911292589156, 1911620589156, 1912612564605, 1911620602160, 243078
1915324329145, LEFT, RIGHT, 3, 90, 1, 70, 2, 2, 1, 1913940589156, 1914164589156, 1915396552852, 1914164681249, 256791
1917956523138, RIGHT, RIGHT, 6, 70, 8, 90, 0, 0, 1, 1916764589156, 1917012589156, 1917971871747, 1917012546075, 252605
1920372308702, RIGHT, RIGHT, 2, 70, 7, 90, 0, 0, 1, 1919148589156, 1919516589156, 1920428528313, 1919516536974, 254360
1922612309401, LEFT, RIGHT, 3, 90, 1, 70, 0, 0, 1, 1921444589156, 1921788589156, 1922716527154, 1921788624647, 238024
1925244421562, RIGHT, RIGHT, 1, 70, 6, 90, 0, 0, 1, 1924068589156, 1924172589156, 1925251844129, 1924172421158, 99069
1927828275938, LEFT, RIGHT, 2, 90, 7, 70, 2, 2, 0, 1926492589156, 1926780589156, 1927924702187, 1926780508589, 277877
1930348265940, RIGHT, RIGHT, 4, 70, 9, 90, 1, 1, 1, 1929156589156, 1929436589156, 1930548486359, 1929436497628, 302194
1933124255745, LEFT, RIGHT, 6, 90, 1, 70, 2, 2, 1, 1931980589156, 1932244589156, 1933204693432, 1932244622951, 244923
1936660191592, RIGHT, RIGHT, 1, 70, 3, 90, 2, 2, 1, 1934628589156, 1934756589156, 1936667796131, 1934756480252, 267004
1939380188418, RIGHT, RIGHT, 8, 70, 3, 90, 1, 0, 0, 1937987589156, 1938140589156, 1939460482414, 1938140390773, 359082
1942092230354, RIGHT, RIGHT, 6, 70, 8, 90, 1, 1, 1, 1940852589156, 1940956589156, 1942156395424, 1940956121468, 123143
1944692212822, LEFT, RIGHT, 1, 90, 6, 70, 2, 2, 0, 1943563589156, 1943828589156, 1944828432667, 1943828444595, 241550
1947092195402, LEFT, RIGHT, 6, 90, 8, 70, 1, 0, 0, 1945820589156, 1946156589156, 1947204647662, 1946156428435, 254739
1949828189945, LEFT, RIGHT, 6, 90, 1, 70, 2, 2, 1, 1948588589156, 1948820589156, 1949924570146, 1948820427844, 186208
1952180175491, RIGHT, RIGHT, 7, 70, 2, 90, 0, 1, 0, 1951035589156, 1951268589156, 1952428399601, 1951268397748, 401430
1955116168259, LEFT, RIGHT, 2, 90, 7, 70, 1, 0, 0, 1953875589156, 1953988589156, 1955212424465, 1953988387640, 118027
1957748158089, LEFT, RIGHT, 8, 90, 6, 70, 0, 0, 1, 1956619589156, 1956900589156, 1957820413142, 1956900397564, 217398
1960572140766, RIGHT, RIGHT, 2, 70, 7, 90, 0, 0, 1, 1959259589156, 1959492589156, 1960587609765, 1959492361063, 238275
1963572272252, RIGHT, RIGHT, 3, 70, 8, 90, 0, 0, 1, 1961987589156, 1962212589156, 1963595682272, 1962212354838, 261417
1966204282054, RIGHT, RIGHT, 6, 70, 8, 90, 1, 1, 1, 1964907589156, 1965244589156, 1966276337382, 1965244536681, 309924
1968788103142, LEFT, RIGHT, 2, 90, 4, 70, 0, 1, 0, 1967659589156, 1967804589156, 1968980357297, 1967804513347, 248142
1971596096147, RIGHT, RIGHT, 3, 70, 1, 90, 0, 1, 0, 1970227589156, 1970420589156, 1971684459598, 1970420313779, 309420
1974235857786, LEFT, RIGHT, 8, 90, 6, 70, 0, 0, 1, 1973107589156, 1973412589156, 1974323657291, 1973412305905, 220495
1976628070498, RIGHT, RIGHT, 8, 70, 6, 90, 2, 2, 0, 1975531589156, 1975884589156, 1976684156959, 1975884370166, 232865
1978964093557, LEFT, RIGHT, 3, 90, 8, 70, 1, 0, 0, 1977891589156, 1978004589156, 1979100371100, 1978004337089, 214618
1981812041602, RIGHT, RIGHT, 1, 70, 3, 90, 2, 2, 1, 1980659589156, 1980780589156, 1981972305317, 1980780312470, 319924
1983996035453, LEFT, RIGHT, 4, 90, 9, 70, 2, 2, 0, 1983043589156, 1983300589156, 1984108259971, 1983300265024, 225193
1986163992474, RIGHT, RIGHT, 7, 70, 2, 90, 2, 2, 0, 1985083589156, 1985404589156, 1986220264236, 1985404207601, 229059
1988372019100, LEFT, RIGHT, 3, 90, 1, 70, 1, 1, 1, 1987451589156, 1987556589156, 1988419603367, 1987556125573, 116733
1991036006304, RIGHT, RIGHT, 9, 70, 4, 90, 2, 2, 0, 1989715589156, 1989820589156, 1991091592342, 1989820179020, 292927
1993363998466, RIGHT, RIGHT, 7, 70, 2, 90, 1, 0, 0, 1992107589156, 1992212589156, 1993436226612, 1992212122380, 158843
1995772010279, LEFT, RIGHT, 3, 90, 8, 70, 1, 0, 0, 1994643589156, 1994796589156, 1995892238232, 1994796228632, 235196
1998283972435, RIGHT, RIGHT, 6, 70, 8, 90, 0, 0, 1, 1996907589156, 1997260589156, 1998356205574, 1997260252563, 262039
2000595978809, LEFT, RIGHT, 4, 90, 2, 70, 0, 0, 1, 1999484589156, 1999612589156, 2000652043633, 1999612233117, 221823
2002955953921, RIGHT, RIGHT, 4, 70, 2, 90, 0, 1, 0, 2001875589156, 2001980589156, 2002995534198, 2001980125116, 213908
2005555939718, RIGHT, RIGHT, 7, 70, 9, 90, 1, 1, 1, 2004211589156, 2004380589156, 2005660169677, 2004380208391, 284518
2007963912695, RIGHT, RIGHT, 7, 70, 9, 90, 1, 1, 1, 2006771589156, 2006876589156, 2008068153473, 2006875983646, 255263
2010275920456, RIGHT, RIGHT, 2, 70, 7, 90, 2, 2, 1, 2009195589156, 2009356589156, 2010340147108, 2009356149263, 233940
2012931911437, RIGHT, RIGHT, 6, 70, 8, 90, 1, 1, 1, 2011379589156, 2011508589156, 2012996094261, 2011508127153, 196201
2015547903827, LEFT, RIGHT, 7, 90, 2, 70, 1, 1, 1, 2014347589156, 2014468589156, 2015612133254, 2014468137439, 269690
2018067888559, LEFT, RIGHT, 1, 90, 3, 70, 2, 2, 0, 2016731589156, 2016932589156, 2018107449142, 2016932124477, 197118
2020547877475, LEFT, RIGHT, 6, 90, 8, 70, 2, 2, 0, 2019331589156, 2019620589156, 2020700134980, 2019620141128, 245764
2023115837603, RIGHT, RIGHT, 2, 70, 7, 90, 2, 2, 1, 2021819589156, 2022132589156, 2023188092656, 2022132210082, 239700
2025955806901, RIGHT, RIGHT, 7, 70, 2, 90, 2, 2, 0, 2024371589156, 2024660589156, 2026028084701, 2024660032921, 413745
2028467842845, LEFT, RIGHT, 9, 90, 4, 70, 1, 1, 1, 2027187589156, 2027476589156, 2028499425235, 2027476075132, 281696
2032251827486, RIGHT, RIGHT, 3, 70, 1, 90, 2, 2, 0, 2030811589156, 2031156589156, 2032356054671, 2031156079470, 244890
2034931816290, LEFT, RIGHT, 9, 90, 7, 70, 0, 0, 1, 2033675589156, 2033996589156, 2035044090462, 2033996057367, 247641
2037803842880, RIGHT, RIGHT, 4, 70, 2, 90, 2, 2, 0, 2036467589156, 2036819589156, 2037851384151, 2036819991500, 259989
2040171793133, LEFT, RIGHT, 9, 90, 7, 70, 1, 1, 1, 2039123589156, 2039388589156, 2040276012274, 2039388022919, 199280
2042963782874, LEFT, RIGHT, 1, 90, 6, 70, 0, 1, 0, 2041707589156, 2042028589156, 2043084005834, 2042028017571, 221896
2045523771190, RIGHT, RIGHT, 6, 70, 1, 90, 2, 2, 0, 2044187589156, 2044492589156, 2045355995586, 2044492236789, 315202
2048587763443, LEFT, RIGHT, 4, 90, 2, 70, 0, 0, 1, 2047179589156, 2047372589156, 2048692204223, 2047372200794, 486920
2051163775273, RIGHT, RIGHT, 7, 70, 9, 90, 2, 2, 1, 2049923589156, 2050076589156, 2051283994349, 2050075980762, 334766
2053827738621, RIGHT, RIGHT, 1, 70, 3, 90, 1, 1, 1, 2052467589156, 2052732589156, 2053899958723, 2052732161204, 362593
2056731726247, LEFT, RIGHT, 4, 90, 2, 70, 1, 1, 1, 2055491589156, 2055636589156, 2056779306631, 2055635956872, 254012
2059707709006, LEFT, RIGHT, 1, 90, 3, 70, 2, 2, 0, 2058435589156, 2058636589156, 2059739292506, 2058635946331, 181807
2062459703763, LEFT, RIGHT, 8, 90, 6, 70, 1, 1, 1, 2061179589156, 2061332589156, 2062539854344, 2061332122036, 228438
2065315683537, RIGHT, RIGHT, 7, 70, 9, 90, 2, 2, 1, 2063947589156, 2064061589156, 2065347233194, 2064060075141, 222820
2067443684687, LEFT, RIGHT, 6, 90, 8, 70, 1, 0, 0, 2066363589156, 2066684589156, 2067483260248, 2066683902309, 251015
2070043738446, RIGHT, RIGHT, 8, 70, 3, 90, 1, 0, 0, 2068771589156, 2068875589156, 2070091278607, 2068875631353, 140917
2072507677772, RIGHT, RIGHT, 3, 70, 8, 90, 1, 1, 1, 2071347589156, 2071516589156, 2072572078907, 2071515897853, 144216
2075643625768, RIGHT, RIGHT, 7, 70, 2, 90, 1, 0, 0, 2074203589156, 2074412589156, 2075707080981, 2074412053475, 297765
2079635625661, LEFT, RIGHT, 8, 90, 3, 70, 0, 0, 1, 2078435589156, 2078709589156, 2079692036953, 2078708574205, 221587
2082363781820, RIGHT, RIGHT, 1, 70, 3, 90, 1, 1, 1, 2081123589156, 2081452589156, 2082371111737, 2081451969679, 287820
2084947603740, RIGHT, RIGHT, 1, 70, 3, 90, 2, 2, 1, 2083770589156, 2083900589156, 2085003829177, 2083899842217, 140005
2087355601128, LEFT, RIGHT, 8, 90, 3, 70, 0, 0, 1, 2086179589156, 2086460589156, 2087371057090, 2086459860769, 291091
2090211525978, RIGHT, RIGHT, 7, 70, 9, 90, 1, 1, 1, 2088971589156, 2089340589156, 2090315805314, 2089339843082, 264493
2093339566795, RIGHT, RIGHT, 4, 70, 2, 90, 0, 1, 0, 2092019589156, 2092276589156, 2093379121830, 2092275802562, 173954
2095867493103, RIGHT, RIGHT, 7, 70, 9, 90, 2, 2, 1, 2094787589156, 2094980589156, 2095923815629, 2094979816652, 191830
2098099545569, LEFT, RIGHT, 3, 90, 8, 70, 2, 2, 0, 2096995589156, 2097332589156, 2098155599020, 2097331776400, 200508
2100571544919, RIGHT, RIGHT, 1, 70, 6, 90, 0, 0, 1, 2099419589156, 2099548589156, 2100611005361, 2099547762633, 72369
2103187522052, RIGHT, RIGHT, 9, 70, 4, 90, 2, 2, 0, 2101939589156, 2102076589156, 2103259783486, 2102075753851, 157354
2105579510351, LEFT, RIGHT, 1, 90, 6, 70, 0, 1, 0, 2104419589156, 2104564589156, 2105707685150, 2104563742041, 157316
2108035503662, LEFT, RIGHT, 8, 90, 3, 70, 2, 2, 1, 2106795589156, 2106900589156, 2108107722654, 2106899386177, 162918
2110643489289, LEFT, RIGHT, 2, 90, 4, 70, 2, 2, 0, 2109259589156, 2109411589156, 2110747721467, 2109411599932, 311445
2113323483363, LEFT, RIGHT, 7, 90, 2, 70, 0, 0, 1, 2112035589156, 2112148589156, 2113355034963, 2112147704047, 261038
2115867607113, RIGHT, RIGHT, 1, 70, 6, 90, 1, 1, 1, 2114675589156, 2114779589156, 2115875019140, 2114779568493, 202176
2118155463373, RIGHT, RIGHT, 2, 70, 7, 90, 1, 1, 1, 2116906589156, 2117235589156, 2118227686804, 2117235686910, 279135
2120691456363, LEFT, RIGHT, 1, 90, 6, 70, 1, 0, 0, 2119555589156, 2119899589156, 2120787674565, 2119899682436, 236625
2123203435718, RIGHT, RIGHT, 3, 70, 8, 90, 2, 2, 1, 2122099589156, 2122371589156, 2123259670309, 2122371664310, 255324
2125731424717, RIGHT, RIGHT, 2, 70, 4, 90, 0, 0, 1, 2124379589156, 2124492589156, 2125819651135, 2124491901140, 158188
2128795411700, RIGHT, RIGHT, 1, 70, 6, 90, 1, 1, 1, 2127243589156, 2127563589156, 2128859637243, 2127563646339, 286641
2131667404725, LEFT, RIGHT, 4, 90, 9, 70, 1, 0, 0, 2130531589156, 2130819589156, 2131707489309, 2130819791775, 208966
2134099400768, RIGHT, RIGHT, 9, 70, 7, 90, 0, 1, 0, 2132747589156, 2133091589156, 2134227611629, 2133091622579, 221788
2137795369536, RIGHT, RIGHT, 3, 70, 8, 90, 0, 0, 1, 2135851589156, 2136100589156, 2137907597105, 2136099818804, 238712
2140531363247, LEFT, RIGHT, 8, 90, 3, 70, 0, 0, 1, 2139403589156, 2139507589156, 2140259787647, 2139507420071, 33652
2142875327050, RIGHT, RIGHT, 4, 70, 2, 90, 1, 0, 0, 2141747589156, 2142035589156, 2143075571325, 2142035580224, 247237
2145467342977, LEFT, RIGHT, 3, 90, 1, 70, 0, 0, 1, 2144387589156, 2144491589156, 2145539832985, 2144491395724, 197139
2148083327877, RIGHT, RIGHT, 6, 70, 1, 90, 0, 1, 0, 2146731589156, 2147035589156, 2148219768529, 2147035528073, 284053